{"cameraMode":{"drawMode":0,"name":"Shaded","section":"Shading Mode"},"sceneLighting":true,"audioPlay":false,"sceneViewState":{"showFog":true,"showMaterialUpdate":false,"showSkybox":true,"showFlares":true,"showImageEffects":true,"showParticleSystems":true,"showVisualEffectGraphs":true},"in2DMode":false,"pivot":{"x":-3.723207473754883,"y":-0.8859953880310059,"z":1.1681058406829835},"rotation":{"x":-0.2581661343574524,"y":0.6079087257385254,"z":-0.21846580505371095,"w":-0.7183802127838135},"size":15.618059158325196,"orthographic":false}