{"cameraMode":{"drawMode":0,"name":"Shaded","section":"Shading Mode"},"sceneLighting":true,"audioPlay":false,"sceneViewState":{"showFog":true,"showMaterialUpdate":false,"showSkybox":true,"showFlares":true,"showImageEffects":true,"showParticleSystems":true,"showVisualEffectGraphs":true},"in2DMode":false,"pivot":{"x":-0.12172281742095947,"y":0.738292932510376,"z":2.957469940185547},"rotation":{"x":-0.2581661343574524,"y":0.6079087257385254,"z":-0.21846580505371095,"w":-0.7183802127838135},"size":2.5578837394714357,"orthographic":false}