{"cameraMode":{"drawMode":0,"name":"Shaded","section":"Shading Mode"},"sceneLighting":true,"audioPlay":false,"sceneViewState":{"showFog":true,"showMaterialUpdate":false,"showSkybox":true,"showFlares":true,"showImageEffects":true,"showParticleSystems":true,"showVisualEffectGraphs":true},"in2DMode":false,"pivot":{"x":-2.368192672729492,"y":-2.451209545135498,"z":1.4375083446502686},"rotation":{"x":-0.2581661343574524,"y":0.6079087257385254,"z":-0.21846580505371095,"w":-0.7183802127838135},"size":10.920249938964844,"orthographic":false}